{
  "metrics": {
    "total_metrics": 302,
    "total_collected": 302,
    "counters": {
      "demo.messages_sent": 50
    },
    "gauges": {
      "demo.active_connections": 10,
      "system.cpu.usage": 6.8,
      "system.memory.usage": 33.9,
      "system.memory.available": 22666657792,
      "system.disk.usage": 76.0,
      "system.network.bytes_sent": 297406205,
      "system.network.bytes_recv": 1817258024
    },
    "histogram_count": 1,
    "timer_count": 1,
    "aggregates": {
      "demo.messages_sent": {
        "count": 50,
        "sum": 1275.0,
        "min": 1,
        "max": 50,
        "last_value": 50,
        "last_timestamp": 1750298270.1180887
      },
      "demo.active_connections": {
        "count": 50,
        "sum": 275.0,
        "min": 1,
        "max": 10,
        "last_value": 10,
        "last_timestamp": 1750298270.1180887
      },
      "demo.message_size": {
        "count": 50,
        "sum": 17250.0,
        "min": 100,
        "max": 590,
        "last_value": 590,
        "last_timestamp": 1750298270.1180887
      },
      "system.cpu.usage": {
        "count": 17,
        "sum": 75.80000000000001,
        "min": 0.0,
        "max": 13.1,
        "last_value": 6.8,
        "last_timestamp": 1750298271.1006594
      },
      "system.memory.usage": {
        "count": 17,
        "sum": 576.3999999999999,
        "min": 33.9,
        "max": 34.0,
        "last_value": 33.9,
        "last_timestamp": 1750298271.102659
      },
      "system.memory.available": {
        "count": 17,
        "sum": 385303064576.0,
        "min": 22643044352,
        "max": 22671069184,
        "last_value": 22666657792,
        "last_timestamp": 1750298271.102659
      },
      "system.disk.usage": {
        "count": 17,
        "sum": 1292.0,
        "min": 76.0,
        "max": 76.0,
        "last_value": 76.0,
        "last_timestamp": 1750298271.1036491
      },
      "system.network.bytes_sent": {
        "count": 17,
        "sum": 5055840655.0,
        "min": 297401624,
        "max": 297406205,
        "last_value": 297406205,
        "last_timestamp": 1750298271.1066592
      },
      "system.network.bytes_recv": {
        "count": 17,
        "sum": 30893267816.0,
        "min": 1817249632,
        "max": 1817258024,
        "last_value": 1817258024,
        "last_timestamp": 1750298271.1066592
      },
      "demo.processing_time": {
        "count": 50,
        "sum": 0.8118908405303955,
        "min": 0.008769035339355469,
        "max": 0.030650854110717773,
        "last_value": 0.015898466110229492,
        "last_timestamp": 1750298270.1339872
      }
    }
  },
  "profiler": {
    "profiling_active": true,
    "functions_tracked": 0,
    "total_function_calls": 0,
    "call_stack_depth": 0,
    "resource_samples": {
      "cpu": 17,
      "memory": 17,
      "disk_io": 17,
      "network_io": 17
    }
  },
  "resource_stats": {
    "cpu": {
      "current": 20.0,
      "avg": 7.023529411764706,
      "max": 53.8
    },
    "memory": {
      "current": 33.9,
      "avg": 33.9,
      "max": 33.9
    }
  },
  "benchmarks": {
    "full_suite": {
      "timestamp": 1750298271.1466856,
      "system_info": {},
      "crypto": {
        "aes_gcm_encryption": {
          "operations": 1000,
          "total_time": 0.03800153732299805,
          "ops_per_second": 26314.72488863793,
          "bytes_per_second": 26946278.28596524
        },
        "sha256_hashing": {
          "operations": 1000,
          "total_time": 0.002010345458984375,
          "ops_per_second": 497426.944971537,
          "bytes_per_second": 509365191.6508539
        }
      },
      "network": {
        "message_serialization": {
          "operations": 1000,
          "total_time": 0.03800344467163086,
          "ops_per_second": 26313.40418323944
        }
      },
      "error": "float division by zero"
    }
  },
  "timestamp": 1750298271.242671
}